cluster,score
2,0.2744384835565165
3,0.24510692770184656
4,0.20512252456916316
5,0.1982183859904667
6,0.08457610637456682
7,0.0819936787216198
8,0.05368931674277288
9,0.05547213302658763
10,0.06556935586948522
11,0.05435967428298022
12,0.034384644536654345
13,0.056694888935353356
14,0.04654483673029013
